{
    "name": "root",
    "metadata": {
        "timer_format_version": "0.1.0",
        "start_time_seconds": "1702551067",
        "python_version": "3.10.11 (tags/v3.10.11:7d4cc5a, Apr  5 2023, 00:38:17) [MSC v.1929 64 bit (AMD64)]",
        "command_line_arguments": "C:\\ai\\evn\\python-envs\\sample-env\\Scripts\\mlagents-learn --run-id=test3",
        "mlagents_version": "1.0.0",
        "mlagents_envs_version": "1.0.0",
        "communication_protocol_version": "1.5.0",
        "pytorch_version": "1.13.1+cu117",
        "numpy_version": "1.23.1",
        "end_time_seconds": "1702551423"
    },
    "total": 355.5713873000059,
    "count": 1,
    "self": 0.006260999973164871,
    "children": {
        "run_training.setup": {
            "total": 0.014850900013698265,
            "count": 1,
            "self": 0.014850900013698265
        },
        "TrainerController.start_learning": {
            "total": 355.550275400019,
            "count": 1,
            "self": 0.5546417009027209,
            "children": {
                "TrainerController._reset_env": {
                    "total": 11.636366200022167,
                    "count": 1,
                    "self": 11.636366200022167
                },
                "TrainerController.advance": {
                    "total": 343.26379359909333,
                    "count": 35776,
                    "self": 0.4724384992441628,
                    "children": {
                        "env_step": {
                            "total": 335.73044079888496,
                            "count": 35776,
                            "self": 265.0328023013426,
                            "children": {
                                "SubprocessEnvManager._take_step": {
                                    "total": 70.3396769981482,
                                    "count": 35776,
                                    "self": 1.7122777973418124,
                                    "children": {
                                        "TorchPolicy.evaluate": {
                                            "total": 68.6273992008064,
                                            "count": 35724,
                                            "self": 68.6273992008064
                                        }
                                    }
                                },
                                "workers": {
                                    "total": 0.35796149939415045,
                                    "count": 35775,
                                    "self": 0.0,
                                    "children": {
                                        "worker_root": {
                                            "total": 221.71782369888388,
                                            "count": 35775,
                                            "is_parallel": true,
                                            "self": 104.27803989683161,
                                            "children": {
                                                "steps_from_proto": {
                                                    "total": 0.00020710000535473228,
                                                    "count": 1,
                                                    "is_parallel": true,
                                                    "self": 7.849998655728996e-05,
                                                    "children": {
                                                        "_process_rank_one_or_two_observation": {
                                                            "total": 0.00012860001879744232,
                                                            "count": 2,
                                                            "is_parallel": true,
                                                            "self": 0.00012860001879744232
                                                        }
                                                    }
                                                },
                                                "UnityEnvironment.step": {
                                                    "total": 117.4395767020469,
                                                    "count": 35775,
                                                    "is_parallel": true,
                                                    "self": 1.8786543078022078,
                                                    "children": {
                                                        "UnityEnvironment._generate_step_input": {
                                                            "total": 1.635925403010333,
                                                            "count": 35775,
                                                            "is_parallel": true,
                                                            "self": 1.635925403010333
                                                        },
                                                        "communicator.exchange": {
                                                            "total": 109.57788809482008,
                                                            "count": 35775,
                                                            "is_parallel": true,
                                                            "self": 109.57788809482008
                                                        },
                                                        "steps_from_proto": {
                                                            "total": 4.347108896414284,
                                                            "count": 35773,
                                                            "is_parallel": true,
                                                            "self": 1.8383756943803746,
                                                            "children": {
                                                                "_process_rank_one_or_two_observation": {
                                                                    "total": 2.508733202033909,
                                                                    "count": 71546,
                                                                    "is_parallel": true,
                                                                    "self": 2.508733202033909
                                                                }
                                                            }
                                                        }
                                                    }
                                                }
                                            }
                                        }
                                    }
                                }
                            }
                        },
                        "trainer_advance": {
                            "total": 7.060914300964214,
                            "count": 35775,
                            "self": 0.7080459044955205,
                            "children": {
                                "process_trajectory": {
                                    "total": 2.6766130965261254,
                                    "count": 35775,
                                    "self": 2.6766130965261254
                                },
                                "_update_policy": {
                                    "total": 3.676255299942568,
                                    "count": 3,
                                    "self": 2.4378362999123055,
                                    "children": {
                                        "TorchPPOOptimizer.update": {
                                            "total": 1.2384190000302624,
                                            "count": 90,